Relevance,Explanation
RELEVANT,"The generated answer provides a direct and accurate syntax for using `precision_recall_fscore_support` in Python, which closely matches the information in the original answer. Both answers include the same code snippet and relevant context, making the generated answer highly relevant to the question."
RELEVANT,"The generated answer directly addresses the question on how to modify scripts to avoid pickle errors when using waitress. It accurately summarizes the original answer's solution of placing the custom class into a separate module and importing it in both saving and loading scripts, which aligns perfectly with the original content."
RELEVANT,"The generated answer directly provides the command needed to launch a container image in interactive mode, which is the same as the original answer. It maintains the context and details provided in the original while specifically addressing the question asked."
RELEVANT,"The generated answer directly responds to the generated question about making a pull request using PyTorch, affirming that it is possible and that contributors are encouraged to submit solutions in PyTorch, which aligns with the information provided in the original answer."
NON_RELEVANT,"The generated answer discusses a potential pip version error related to Scikit-Learn, which is not relevant to the original answer that focuses on a Docker build error related to wheels and Python versions. There is no mention of Scikit-Learn or the specific error context provided in the original answer."
RELEVANT,"The generated answer directly addresses the question by stating the command to run after editing the metrics-server, which is exactly the action mentioned in the original answer. It accurately reflects the last step in the original instructions."
RELEVANT,"The generated answer directly addresses the question about checking the AWS CLI version for eksctl compatibility. It confirms the need for AWS CLI v2 and provides the exact command to verify the version, along with a link for further information, which aligns closely with the original answer."
RELEVANT,"The generated answer directly addresses the main reason for different accuracy values by explaining the impact of splitting data on training, validation, and testing. It aligns closely with the original answer's focus on data splitting methods and the resulting variations, making it relevant to the query."
RELEVANT,"The generated answer directly addresses the question about what to do if the REMOTE_URI variable is lost after the session ends. It explains the need to set the variable again using the `export` command, which aligns with the information provided in the original answer. Additionally, it includes the caveat mentioned in the original answer regarding losing the variable when the session terminates, thereby accurately capturing the context and essential details."
RELEVANT,The generated answer directly addresses the question about where to find the script for generating the Kitchenware Classification Competition dataset. It accurately cites the same link provided in the original answer and maintains the context of the original content.
RELEVANT,"The generated answer directly addresses the question regarding the solution for the TensorFlow Serving error on Apple M1 Mac. It includes the specific commands to pull the correct Docker image and run the container, mirroring the solution presented in the original answer. Additionally, it provides a reference to the GitHub repository for further details, which aligns with the context of the original response."
NON_RELEVANT,"The generated answer does not address the specific NotSupportedError related to the 'eb local' command or provide any steps relevant to fixing the original issue concerning Docker platforms. Instead, it offers solutions related to protobuf package issues, which are unrelated to the context of the original error."
PARTLY_RELEVANT,"The generated answer is partially relevant because it correctly identifies the contributor (Tzvi Friedman) but does not address the main content of the original answer, which is about the specific error and its resolution in the Keras model training. Instead, it shifts the focus to who added the solution rather than the details of the error itself."
RELEVANT,"The generated answer accurately captures the necessary first step from the original answer, which is to launch a PowerShell terminal with administrator privileges and install the choco library. It maintains the context and provides the exact command needed, making it directly relevant to the question asked."
RELEVANT,"The generated answer provides a clear and accurate method for fetching data using the `requests` library, which directly corresponds to the original answer. It includes the same code snippet and explanation, making it highly relevant and similar to the original content."
RELEVANT,"The generated answer directly addresses the question about computing RMSE using the `mean_squared_error` function in one step. It confirms the user's approach and provides the correct usage of the function with the `squared=False` parameter, aligning well with the original answer's intent to demonstrate an alternative method for RMSE calculation."
RELEVANT,"The generated answer directly addresses the generated question about where to find the documentation on how Lambda functions are initialized. It accurately lists the same documentation links provided in the original answer, maintaining both context and relevance to the query."
RELEVANT,"The generated answer directly addresses the question of how to read data from a GitHub URL using pandas, providing the same code and context as the original answer. It effectively conveys the information in a similar manner, making it highly relevant."
RELEVANT,"The generated answer provides a clear and accurate explanation for why all missing values end up in the training dataframe when using a random seed of 42. It directly addresses the question posed and reflects the original answer's content regarding the consistent and reproducible nature of the seed's influence on data splitting. Additionally, it mentions the effect of using a different seed, which aligns with the original answer's points."
RELEVANT,"The generated answer closely matches the original answer, providing the same instructions for accessing the course materials, including specific links and actions to take. It maintains the essential information and context related to finding cohort materials, making it completely relevant."
RELEVANT,"The generated answer directly addresses the question about whether there is a link to learn more about the California housing dataset and provides the same link included in the original answer, maintaining the essential information and context."
RELEVANT,"The generated answer accurately identifies Random Forest as a bagging algorithm and XGBoost as a boosting algorithm, directly aligning with the information provided in the original answer. It also correctly describes the training methodologies of both algorithms, which reflects the original content's emphasis on their parallel and sequential training processes."
RELEVANT,"The generated answer accurately identifies Ella Sahnan as the contributor of the information regarding metrics on a series or dataframe, which directly corresponds to the content of the original answer."
RELEVANT,"The generated answer directly addresses the query by suggesting a specific video that corresponds to the topic mentioned in the original answer, thus maintaining a strong relevance to the content."
PARTLY_RELEVANT,"The generated answer addresses a specific aspect of the original answer by confirming that Google Cloud Platform (GCP) offers free microinstances for a long time. However, it does not address the full context of the original inquiry regarding the issue of deploying a docker image on Render or mention the alternatives provided in the original answer, such as AWS and Saturn. Thus, while it is related to a part of the original discussion, it does not fully capture the relevance to the user's complete question."
RELEVANT,"The generated answer correctly identifies the source of the guide for using Docker in Google Colab by providing the exact link mentioned in the original answer. It addresses the generated question directly and accurately, making it a highly relevant response."
RELEVANT,"The generated answer directly addresses the specific question about the command to import the RMSE calculation function from sklearn, which is clearly stated in the original answer. The information provided is accurate and succinctly related to the context of RMSE calculation."
NON_RELEVANT,"The generated answer incorrectly states that there is no alternative command mentioned when the region is configured by default. In fact, the original answer provides a clear alternative command to be used when the region is set, which is explicitly detailed in the context. Therefore, the generated answer does not align with the original answer's content."
RELEVANT,"The generated answer directly addresses the generated question about the pandas function that computes the standard deviation. It correctly identifies the `std()` function and provides an example of its usage, which aligns closely with the information provided in the original answer. Both answers reference how to use the standard deviation function with a series created from a list, demonstrating clear relevance and similarity."
RELEVANT,"The generated answer directly addresses the specific question asked about the default value for the number of workers in the fit function, which is 1. This information is consistent with the details provided in the original answer."
RELEVANT,"The generated answer directly addresses the question about loading a Keras model and provides the solution of adding `compile=False`, which aligns perfectly with the original answer. Both the information and the context are preserved and clearly conveyed."
PARTLY_RELEVANT,"The generated answer addresses the verification of results for evaluation metrics, which is somewhat related to the original answer's concern about thresholds and F1 scores. However, it does not directly answer the original question about the implications of having multiple thresholds with the same F1 score or provide guidance on choosing among them. It primarily focuses on how to calculate various metrics using scikit-learn, rather than discussing the conceptual aspect of threshold selection."
RELEVANT,"The generated answer effectively addresses the question and closely aligns with the original answer. It confirms that regularization is not always necessary, explains the conditions under which it should be considered, and emphasizes evaluating each case individually, mirroring the key points from the original answer."
RELEVANT,"The generated answer directly addresses the role of `np.sign` in the context of determining the intercept between precision and recall curves, which is a key part of the original answer. It explains how `np.sign` is used to find the points of intersection, including the method of utilizing `np.diff` and `np.argwhere`, closely aligning with the original explanation."
RELEVANT,"The generated answer provides a solution directly addressing the issue of running out of storage due to excess Docker images, mirroring the original answer's problem and solution structure. It mentions both the removal of unused images and the necessity of running 'docker system prune' to free up space, which aligns closely with the original content."
RELEVANT,"The generated answer accurately summarizes the key points from the original answer regarding the alphabetical order in which folders are read in TensorFlow's `flow_from_directory`. It includes specific examples ('dino' and 'dragon') and correctly relates them to their corresponding class labels, maintaining the context and details of the original answer."
RELEVANT,"The generated answer directly addresses the question about modifying the Docker DNS settings by specifying the correct file to modify and providing the exact content to add. It also includes the necessary command to restart Docker, which is consistent with the original answer."
RELEVANT,"The generated answer directly addresses the question of how many models to train for the midterm by stating that you should train as many as possible, which aligns perfectly with the guidance in the original answer about training 'multiple' models. Both answers convey the same message regarding the sufficiency of training more than one model."
RELEVANT,"The generated answer closely addresses the question regarding the threshold of 1.0 and its impact on the FPR, explaining how the sigmoid function constraints the predictions. It captures the key points of the original answer related to the absence of positive predictions and correlates well with the context of the original query."
RELEVANT,"The generated answer accurately identifies the pandas method for calculating the standard deviation (`std()`) and explains how to use it with both a Series and a DataFrame. It is directly related to the original answer, which also explains the use of the `std()` method on a pandas Series. Both answers convey the same effective information regarding finding the standard deviation while expanding on the use cases for DataFrames."
RELEVANT,The generated answer accurately reflects the reasoning provided in the original answer regarding the exclusion of df_train_full and the importance of using only df_train to ensure unbiased conclusions. It addresses both the content of the question and the rationale behind the methodological choice.
NON_RELEVANT,"The generated answer addresses a completely different question about setting up a Conda environment on a computer, while the original answer pertains to who can access a link based on the public status of a repository. There is no overlap in content or context between the two."
RELEVANT,"The generated answer accurately addresses the issue of a ValueError related to feature names when using XGBoost, providing solutions that align closely with the original answer. It mentions the issue with unsupported characters in feature names and includes the appropriate regex code to replace them, which is consistent with the original guidance. Additionally, it correctly suggests the alternative of not specifying 'feature_names=' while creating the `xgb.DMatrix`."
RELEVANT,"The generated answer directly addresses the issue of not being able to connect to the Docker daemon on WSL, providing specific steps to check the WSL integration with Docker Desktop and suggesting a reinstallation if necessary. It closely aligns with the troubleshooting steps mentioned in the original answer, making it highly relevant."
PARTLY_RELEVANT,"The generated answer addresses a related question about the midterm project and its relevance to obtaining a certificate. However, it does not directly reference the original answer's assertion that it is possible to achieve something (presumably related to the context) without the midterm project, which leaves a gap in full alignment with the original message."
PARTLY_RELEVANT,"The generated answer acknowledges the lack of specific commands provided in the context while the original answer does include commands to start the Docker daemon on Linux. Thus, while the generated answer correctly identifies a gap, it fails to utilize the relevant information available in the original answer."
RELEVANT,"The generated answer addresses the question about certification eligibility directly and provides detailed conditions that clarify the situation, aligning well with the original answer's affirmation of the possibility of certification."
RELEVANT,"The generated answer directly addresses the question about how to install md5sum on Mac, providing the exact command needed as well as the subsequent step for checking file hashes. This closely aligns with the information given in the original answer."
RELEVANT,The generated answer directly addresses the question about transferring files to a Docker container from a local machine by accurately describing the method using the `docker cp` command and providing the correct syntax. It is closely aligned with the original answer's content and context.
PARTLY_RELEVANT,"The generated answer acknowledges the lack of a specific YouTube video covering Evaluation Metrics for Classification, which is relevant to the user's question. However, it fails to mention the related YouTube link provided in the original answer that could have been useful for the user. Thus, while the answer is somewhat relevant, it does not directly address the user's request for a video resource."
RELEVANT,"The generated answer accurately identifies the version of the zoomcamp-model image mentioned in the original answer, directly addressing the question about Module 5 HW Question 6."
RELEVANT,"The generated answer directly addresses the question regarding which method is suitable for categorical features with high cardinality, correctly stating that FeatureHasher is the appropriate choice. This aligns well with the information provided in the original answer."
RELEVANT,"The generated answer accurately describes the recommended method of splitting data, mirroring the structure and rationale given in the original answer. It highlights the importance of maintaining consistency and preventing data leakage, which aligns well with the points made in the original response."
RELEVANT,"The generated answer closely mirrors the original answer, correctly explaining the ValueError related to loading weights and providing the necessary solution of evaluating the model on input data before loading weights. It retains all critical information from the original response."
RELEVANT,"The generated answer directly addresses the issue raised in the original answer regarding the variability of AUC values due to randomness in the DecisionTreeClassifier. It also provides the exact solution of setting a random seed, which was mentioned in the original answer, thereby confirming its relevance and alignment with the user's concern."
RELEVANT,"The generated answer accurately addresses the f-string error mentioned in the original answer by explaining the mistake of using parentheses instead of curly braces. It also correctly includes the example given in the original answer and adds information about checking for missing parentheses, which is directly related to the context of the original question."
PARTLY_RELEVANT,"The generated answer directly addresses the scenario where restarting Docker Desktop and terminal fails, specifically providing the command to run. However, it does not include other relevant solutions mentioned in the original answer, such as updating Docker Desktop or restarting it before running the command. Hence, it is partly relevant but not comprehensive."
RELEVANT,"The generated answer directly addresses the question about the difference in skills taught in the current iteration compared to 2021. It conveys that there is no difference and reiterates the consistency in the course focus and skills, aligning well with the key points made in the original answer."
PARTLY_RELEVANT,"The generated answer addresses the issue of library version discrepancies, which is a part of the original answer's context. However, it does not fully capture the nuance of the original answer regarding the advisability of using different versions or languages for homework submissions, nor does it mention the potential penalization from peers unfamiliar with those languages. Hence, while it is related, it lacks completeness and depth."
RELEVANT,"The generated answer directly addresses the specific issue of resolving the error message related to 'wget' on a Windows system. It includes accurate steps for installation via Chocolatey and mentions the alternative method of downloading a binary, which aligns closely with the original response. However, it does not cover other platforms such as Ubuntu or Mac, but since the question specifically asks about Windows, the relevant information provided is sufficient to classify it as 'RELEVANT'."
RELEVANT,"The generated answer accurately attributes the solution for the XGBoostError to George Chizhmak and explains that installing sklearn resolved the issue, which directly aligns with the information provided in the original answer."
RELEVANT,"The generated answer directly addresses the error message about the missing 'sklearn' module and provides the correct package name 'scikit-learn' as a solution. It explains the necessary changes to the 'bentofile.yaml' file, matching the original answer closely in content and context."
PARTLY_RELEVANT,"The generated answer addresses the question about the default values in AWS configuration, but it implies that all fields other than Access Key ID and Secret Access Key cannot remain as defaults, which contradicts the original answer's indication that it is acceptable to leave some fields as default. Therefore, while the generated answer is related to the topic, it misrepresents the original answer's context."
RELEVANT,"The generated answer directly addresses the question about handling memory allocation errors in AWS ECS and provides the same solution as the original answer, specifically mentioning the error message and the recommendation to increase RAM and CPU in the task definition."
PARTLY_RELEVANT,"The generated answer addresses a specific aspect of the original answer, indicating that a negative accuracy difference shows improvement when a feature is removed. However, it does not fully cover the original’s focus on the criteria for calculating differences and the clarification of 'smallest' vs 'lowest' differences. Thus, it is relevant to some extent but lacks completeness."
RELEVANT,"The generated answer directly addresses the question about how Ángel de Vicente fixed the protobuf issue in session 10.3 by accurately describing the steps taken, including the specific command used to create the virtual environment and the relevant package versions. It closely follows the context and details of the original answer."
RELEVANT,"The generated answer directly addresses the process of setting up CUDA and cuDNN on Ubuntu 22.04, which aligns perfectly with the original answer's focus on setting up TensorFlow with GPU. The detailed steps provided in the generated answer are relevant and provide additional useful information for someone looking to achieve the goal described in the original answer."
PARTLY_RELEVANT,"The generated answer addresses the initiation of tasks for Week 10, which aligns with the theme of the original answer indicating that there are tasks to be done. However, it lacks specific details or context that would make it fully relevant, as it only refers to 'TODO' instructions without elaborating on what those instructions entail."
RELEVANT,"The generated answer directly restates the key information from the original answer, specifically mentioning the 2021 iteration of the course and confirming the use of AUC. It accurately captures the necessary details requested in the original context."
PARTLY_RELEVANT,"The generated answer acknowledges the error on the server side when using gunicorn and mentions that the waitress command runs smoothly. However, it does not specifically address any error message or provide the details about the error encountered in the original answer, which limits its direct relevance."
RELEVANT,"The generated answer directly addresses the reason for using DictVectorizer or get_dummies after data splitting, which is to avoid data leakage, and it elaborates on the consequences of not doing so. It maintains the context of the original answer while providing more detail about the implications for model performance and evaluation integrity."
RELEVANT,"The generated answer correctly identifies the person who added the solution to the NameError issue, which is directly related to the information provided in the original answer. It answers the generated question accurately and aligns well with the context of the original answer."
PARTLY_RELEVANT,"The generated answer identifies Krishna Annad as the person who mentioned Yellowbrick for classification reports, which is relevant to the context of the original answer. However, it does not address the specific information about Yellowbrick itself or its functionalities as described in the original answer."
RELEVANT,"The generated answer directly addresses the issue mentioned in the original question regarding the 'kind' command not being recognized. It provides a comprehensive solution by outlining the steps to rename the file and add it to the PATH, which closely matches the solution given in the original answer."
RELEVANT,"The generated answer addresses the exact problem described in the original answer, providing a complete and accurate solution to the issue of 'kind' not being recognized as a command on Windows. It retains all necessary steps and information from the original answer, including the correct naming and placement of the executable file, as well as the importance of updating the system's PATH."
RELEVANT,"The generated answer provides a direct response to the question of how to visualize feature importance in scikit-learn, referencing the original answer's link and explaining its significance in terms of model explainability. Additionally, it offers an alternative method (a horizontal bar chart) along with detailed steps, making it comprehensive and consistent with the focus of the original answer."
RELEVANT,"The generated answer directly addresses the question about renaming a file that contains a dash for waitress-serve. It accurately reflects the solution provided in the original answer, specifying that the file should be renamed by replacing the dash with an underscore and gives a specific example, which aligns well with the original context."
RELEVANT,"The generated answer directly addresses the question about displaying the size of a specific Docker image by providing the exact commands mentioned in the original answer, along with instructions for replacing `<image name>`. It matches the context and content of the original answer effectively."
RELEVANT,"The generated answer accurately captures the purpose and functionality of the KFold function, explaining the roles of n_splits, shuffle, and random_state while also addressing the context of when to create the KFold object. It aligns well with the original answer's discussion about the behavior of KFold and the implications of its use in a loop, reflecting a strong understanding of the concepts presented."
RELEVANT,"The generated answer accurately captures the instructions for loading the dataset into Kaggle Notebooks, including the essential command and the subsequent command for reading the dataset. It directly addresses the question of how to load the dataset and retains all relevant details from the original answer."
RELEVANT,"The generated answer directly addresses the question about calculating the probability of class 0 based on the probability of class 1, which is clearly stated in the original answer. The explanation and formula presented align well with the original information, maintaining both the content and context."
PARTLY_RELEVANT,"The generated answer provides information about asking questions related to the course, which is somewhat relevant to the original answer stating 'See the answer here.' However, it does not directly reference the content or context of the original answer and offers additional information instead, leading to a classification of partly relevant rather than fully relevant."
RELEVANT,"The generated answer accurately addresses the question about posting the same content on multiple social sites and confirms that it is possible to earn points by doing so, which aligns well with the details provided in the original answer regarding point allocation and URL submission."
RELEVANT,"The generated answer correctly identifies the reason for the error message related to the 'kind' command, and it provides the same solution as the original answer. It addresses the user's issue directly and includes all necessary steps to resolve it."
RELEVANT,"The generated answer accurately captures the main points of the original answer, explaining why mutual information score cannot use continuous variables directly. It provides the same reasoning about the conversion of the continuous variable to binary format and addresses the issues related to subjectivity in binning, aligning closely with the original content."
RELEVANT,"The generated answer accurately reflects the original answer by stating the method recommended (keras.models.Sequential()) for passing multiple parameters in a model, while also preserving the context provided by Krishna Anand."
RELEVANT,"The generated answer accurately reflects the original answer by stating that categorical features must be transformed to numerical format using one-hot encoding before applying Ridge Regression. It also mentions the importance of avoiding non-convergence errors and suggests setting `sparse=True`, which aligns well with the advice provided in the original response."
NON_RELEVANT,"The generated answer does not address the specific settings related to using Sparse=True in DictVectorizer as mentioned in the original answer. Instead, it discusses a different aspect of DictVectorizer, focusing on the method for getting feature names. Therefore, it lacks relevance to the main content of the original answer."
RELEVANT,"The generated answer provides the exact command needed to install pip on WSL as referenced in the original answer. It is directly relevant to the generated question, which specifically asks for the command to install pip."
RELEVANT,"The generated answer correctly identifies 'ocean_proximity' as the categorical variable needed alongside the binarized price to calculate the mutual information score, aligning perfectly with the original answer's content and context."
NON_RELEVANT,"The generated answer addresses a different question than the original content. The original answer discusses the configuration of AWS CLI, specifically regarding the Default output format, while the generated answer identifies the individual who provided the solution, which is not related to the content of the original answer."
RELEVANT,"The generated answer directly addresses the issue of 'pipenv' not being recognized as a command, providing steps to solve the problem related to PATH settings, which is consistent with the original answer. Both answers emphasize the necessity of adding specific paths to the environment variables and include a note about Anaconda, making the generated response highly relevant to the original content."
RELEVANT,"The generated answer directly addresses the question of how to add notes to the Community Notes section by providing the same steps outlined in the original answer. It captures all the necessary actions, including creating a GitHub repository, forking the original course repo, and creating a pull request, maintaining the context and details of the original response."
NON_RELEVANT,"The generated answer addresses a different question about who provided the answer rather than discussing the content or reasoning behind the recommended practice to avoid data leakage in data preprocessing. There is no relation to data leakage, splitting datasets, or scikit-learn documentation, making it irrelevant to the original answer."
RELEVANT,"The generated answer is directly aligned with the original answer. It provides the same information about using the `mean_squared_error` function to calculate RMSE, including the relevant code example and the same Stack Overflow link for further details. The content is consistent and relevant to the question asked."
RELEVANT,"The generated answer accurately summarizes the steps to push an initial commit to GitHub as provided in the original answer. It includes the necessary commands and addresses the specific error message mentioned, while also referencing the same tutorial for beginners, which maintains the context and intent of the original response."
RELEVANT,The generated answer directly addresses the question regarding the availability of the course in a self-paced mode and provides the same affirmation and context as the original answer. It captures the essence of the information provided originally.
RELEVANT,"The generated answer directly addresses the question about the number of workers to set for faster training on a T4 GPU in Google Colab, accurately reflecting the information provided in the original answer. It mentions setting the number of workers to 2560, indicates the default value of 1, and highlights the potential performance improvement, all of which are key points from the original text."
RELEVANT,"The generated answer accurately addresses the question about CPU and memory values in HW10 Q6, confirming that they are specified and not arbitrary. It aligns closely with the original answer, which discusses the need to specify these values in the yaml file. Both answers emphasize the importance of defining these values, indicating a high level of relevance and similarity."
RELEVANT,"The generated answer accurately describes the error that occurs when running the command 'eb local run --port 9696', which is consistent with the information provided in the original answer. It correctly identifies the NotSupportedError and includes the specific message related to Docker platform requirements, making it highly relevant to the question asked."
